Title,Stock Status,Price,Website
One Piece Manga Box Set 2, In Stock ,$132.52,RightStufAnime
One Piece Manga Box Set 3," Out of Stock,  Expecting More ",$132.52,RightStufAnime
One Piece Manga Box Set 3," Out of Stock,  Expecting More ",$132.52,RightStufAnime
One Piece Manga Volume 1, In Stock ,$7.12,RightStufAnime
One Piece Manga Volume 1, In Stock ,$7.12,RightStufAnime
One Piece Manga Volume 2," Out of Stock,  Expecting More ",$7.12,RightStufAnime
One Piece Manga Volume 2," Out of Stock,  Expecting More ",$7.12,RightStufAnime
One Piece Manga Volume 3, In Stock ,$7.12,RightStufAnime
One Piece Manga Volume 3, In Stock ,$7.12,RightStufAnime
One Piece Manga Volume 4, In Stock ,$7.12,RightStufAnime
One Piece Manga Volume 4, In Stock ,$7.12,RightStufAnime
One Piece Manga Volume 5, In Stock ,$7.12,RightStufAnime
One Piece Manga Volume 5, In Stock ,$7.12,RightStufAnime
One Piece Manga Volume 6, In Stock ,$7.12,RightStufAnime
One Piece Manga Volume 6, In Stock ,$7.12,RightStufAnime
One Piece Manga Volume 7, In Stock ,$7.12,RightStufAnime
One Piece Manga Volume 7, In Stock ,$7.12,RightStufAnime
One Piece Manga Volume 8, In Stock ,$7.12,RightStufAnime
One Piece Manga Volume 8, In Stock ,$7.12,RightStufAnime
One Piece Manga Volume 9, In Stock ,$7.12,RightStufAnime
One Piece Manga Volume 9, In Stock ,$7.12,RightStufAnime
One Piece Manga Volume 10," Out of Stock,  Expecting More ",$7.12,RightStufAnime
One Piece Manga Volume 10," Out of Stock,  Expecting More ",$7.12,RightStufAnime
One Piece Manga Volume 11, In Stock ,$7.12,RightStufAnime
One Piece Manga Volume 11, In Stock ,$7.12,RightStufAnime
One Piece Manga Volume 12, In Stock ,$7.12,RightStufAnime
One Piece Manga Volume 12, In Stock ,$7.12,RightStufAnime
One Piece Manga Volume 13, In Stock ,$7.12,RightStufAnime
One Piece Manga Volume 13, In Stock ,$7.12,RightStufAnime
One Piece Manga Volume 14," Out of Stock,  Expecting More ",$7.12,RightStufAnime
One Piece Manga Volume 14," Out of Stock,  Expecting More ",$7.12,RightStufAnime
One Piece Manga Volume 15, In Stock ,$7.12,RightStufAnime
One Piece Manga Volume 15, In Stock ,$7.12,RightStufAnime
One Piece Manga Volume 16," Out of Stock,  Expecting More ",$7.12,RightStufAnime
One Piece Manga Volume 16," Out of Stock,  Expecting More ",$7.12,RightStufAnime
One Piece Manga Volume 17, In Stock ,$7.12,RightStufAnime
One Piece Manga Volume 17, In Stock ,$7.12,RightStufAnime
One Piece Manga Volume 18, In Stock ,$7.12,RightStufAnime
One Piece Manga Volume 18, In Stock ,$7.12,RightStufAnime
One Piece Manga Volume 19, In Stock ,$7.12,RightStufAnime
One Piece Manga Volume 19, In Stock ,$7.12,RightStufAnime
One Piece Manga Volume 20," Out of Stock,  Expecting More ",$7.12,RightStufAnime
One Piece Manga Volume 20," Out of Stock,  Expecting More ",$7.12,RightStufAnime
One Piece Manga Volume 21," Out of Stock,  Expecting More ",$7.12,RightStufAnime
One Piece Manga Volume 21," Out of Stock,  Expecting More ",$7.12,RightStufAnime
One Piece Manga Volume 22, In Stock ,$7.12,RightStufAnime
One Piece Manga Volume 22, In Stock ,$7.12,RightStufAnime
One Piece Manga Volume 23," Out of Stock,  Expecting More ",$7.12,RightStufAnime
One Piece Manga Volume 23," Out of Stock,  Expecting More ",$7.12,RightStufAnime
One Piece Manga Volume 24, In Stock ,$7.12,RightStufAnime
One Piece Manga Volume 24, In Stock ,$7.12,RightStufAnime
One Piece Manga Volume 25, In Stock ,$7.12,RightStufAnime
One Piece Manga Volume 25, In Stock ,$7.12,RightStufAnime
One Piece Manga Volume 26, In Stock ,$7.12,RightStufAnime
One Piece Manga Volume 26, In Stock ,$7.12,RightStufAnime
One Piece Manga Volume 27, In Stock ,$7.12,RightStufAnime
One Piece Manga Volume 27, In Stock ,$7.12,RightStufAnime
One Piece Manga Volume 28, In Stock ,$7.12,RightStufAnime
One Piece Manga Volume 28, In Stock ,$7.12,RightStufAnime
One Piece Manga Volume 29, In Stock ,$7.12,RightStufAnime
One Piece Manga Volume 29, In Stock ,$7.12,RightStufAnime
One Piece Manga Volume 30, In Stock ,$7.12,RightStufAnime
One Piece Manga Volume 30, In Stock ,$7.12,RightStufAnime
One Piece Manga Volume 31, In Stock ,$7.12,RightStufAnime
One Piece Manga Volume 31, In Stock ,$7.12,RightStufAnime
One Piece Manga Volume 32, In Stock ,$7.12,RightStufAnime
One Piece Manga Volume 32, In Stock ,$7.12,RightStufAnime
One Piece Manga Volume 33, In Stock ,$7.12,RightStufAnime
One Piece Manga Volume 33, In Stock ,$7.12,RightStufAnime
One Piece Manga Volume 34, In Stock ,$7.12,RightStufAnime
One Piece Manga Volume 34, In Stock ,$7.12,RightStufAnime
One Piece Manga Volume 35, In Stock ,$7.12,RightStufAnime
One Piece Manga Volume 35, In Stock ,$7.12,RightStufAnime
One Piece Manga Volume 36, In Stock ,$7.12,RightStufAnime
One Piece Manga Volume 36, In Stock ,$7.12,RightStufAnime
One Piece Manga Volume 37, In Stock ,$7.12,RightStufAnime
One Piece Manga Volume 37, In Stock ,$7.12,RightStufAnime
One Piece Manga Volume 38, In Stock ,$7.12,RightStufAnime
One Piece Manga Volume 38, In Stock ,$7.12,RightStufAnime
One Piece Manga Volume 39, In Stock ,$7.12,RightStufAnime
One Piece Manga Volume 39, In Stock ,$7.12,RightStufAnime
One Piece Manga Volume 40," Out of Stock,  Expecting More ",$7.12,RightStufAnime
One Piece Manga Volume 40," Out of Stock,  Expecting More ",$7.12,RightStufAnime
One Piece Manga Volume 41, In Stock ,$7.12,RightStufAnime
One Piece Manga Volume 41, In Stock ,$7.12,RightStufAnime
One Piece Manga Volume 42, In Stock ,$7.12,RightStufAnime
One Piece Manga Volume 42, In Stock ,$7.12,RightStufAnime
One Piece Manga Volume 43, In Stock ,$7.12,RightStufAnime
One Piece Manga Volume 43, In Stock ,$7.12,RightStufAnime
One Piece Manga Volume 44, In Stock ,$7.12,RightStufAnime
One Piece Manga Volume 44, In Stock ,$7.12,RightStufAnime
One Piece Manga Volume 45, In Stock ,$7.12,RightStufAnime
One Piece Manga Volume 45, In Stock ,$7.12,RightStufAnime
One Piece Manga Volume 46, In Stock ,$7.12,RightStufAnime
One Piece Manga Volume 46, In Stock ,$7.12,RightStufAnime
One Piece Manga Volume 47, In Stock ,$7.12,RightStufAnime
One Piece Manga Volume 47, In Stock ,$7.12,RightStufAnime
One Piece Manga Volume 48, In Stock ,$7.12,RightStufAnime
One Piece Manga Volume 48, In Stock ,$7.12,RightStufAnime
One Piece Manga Volume 49, In Stock ,$7.12,RightStufAnime
One Piece Manga Volume 49, In Stock ,$7.12,RightStufAnime
One Piece Manga Volume 50, In Stock ,$7.12,RightStufAnime
One Piece Manga Volume 50, In Stock ,$7.12,RightStufAnime
One Piece Manga Volume 51, In Stock ,$7.12,RightStufAnime
One Piece Manga Volume 51, In Stock ,$7.12,RightStufAnime
One Piece Manga Volume 52, In Stock ,$7.12,RightStufAnime
One Piece Manga Volume 52, In Stock ,$7.12,RightStufAnime
One Piece Manga Volume 53, In Stock ,$7.12,RightStufAnime
One Piece Manga Volume 53, In Stock ,$7.12,RightStufAnime
One Piece Manga Volume 54, In Stock ,$7.12,RightStufAnime
One Piece Manga Volume 54, In Stock ,$7.12,RightStufAnime
One Piece Manga Volume 55, In Stock ,$7.12,RightStufAnime
One Piece Manga Volume 55, In Stock ,$7.12,RightStufAnime
One Piece Manga Volume 56, In Stock ,$7.12,RightStufAnime
One Piece Manga Volume 56, In Stock ,$7.12,RightStufAnime
One Piece Manga Volume 57, In Stock ,$7.12,RightStufAnime
One Piece Manga Volume 57, In Stock ,$7.12,RightStufAnime
One Piece Manga Volume 58, In Stock ,$7.12,RightStufAnime
One Piece Manga Volume 58, In Stock ,$7.12,RightStufAnime
One Piece Manga Volume 59, In Stock ,$7.12,RightStufAnime
One Piece Manga Volume 59, In Stock ,$7.12,RightStufAnime
One Piece Manga Volume 60, In Stock ,$7.12,RightStufAnime
One Piece Manga Volume 60, In Stock ,$7.12,RightStufAnime
One Piece Manga Volume 61," Out of Stock,  Expecting More ",$7.12,RightStufAnime
One Piece Manga Volume 61," Out of Stock,  Expecting More ",$7.12,RightStufAnime
One Piece Manga Volume 62, In Stock ,$7.12,RightStufAnime
One Piece Manga Volume 62, In Stock ,$7.12,RightStufAnime
One Piece Manga Volume 63, In Stock ,$7.12,RightStufAnime
One Piece Manga Volume 63, In Stock ,$7.12,RightStufAnime
One Piece Manga Volume 64, In Stock ,$7.12,RightStufAnime
One Piece Manga Volume 64, In Stock ,$7.12,RightStufAnime
One Piece Manga Volume 65, In Stock ,$7.12,RightStufAnime
One Piece Manga Volume 65, In Stock ,$7.12,RightStufAnime
One Piece Manga Volume 66, In Stock ,$7.12,RightStufAnime
One Piece Manga Volume 66, In Stock ,$7.12,RightStufAnime
One Piece Manga Volume 67," Out of Stock,  Expecting More ",$7.12,RightStufAnime
One Piece Manga Volume 67," Out of Stock,  Expecting More ",$7.12,RightStufAnime
One Piece Manga Volume 68, In Stock ,$7.12,RightStufAnime
One Piece Manga Volume 68, In Stock ,$7.12,RightStufAnime
One Piece Manga Volume 69," Out of Stock,  Expecting More ",$7.12,RightStufAnime
One Piece Manga Volume 69," Out of Stock,  Expecting More ",$7.12,RightStufAnime
One Piece Manga Volume 70, In Stock ,$7.12,RightStufAnime
One Piece Manga Volume 70, In Stock ,$7.12,RightStufAnime
One Piece Manga Volume 71, In Stock ,$7.12,RightStufAnime
One Piece Manga Volume 71, In Stock ,$7.12,RightStufAnime
One Piece Manga Volume 72, In Stock ,$7.12,RightStufAnime
One Piece Manga Volume 72, In Stock ,$7.12,RightStufAnime
One Piece Manga Volume 73," Out of Stock,  Expecting More ",$7.12,RightStufAnime
One Piece Manga Volume 73," Out of Stock,  Expecting More ",$7.12,RightStufAnime
One Piece Manga Volume 74," Out of Stock,  Expecting More ",$7.12,RightStufAnime
One Piece Manga Volume 74," Out of Stock,  Expecting More ",$7.12,RightStufAnime
One Piece Manga Volume 75," Out of Stock,  Expecting More ",$7.12,RightStufAnime
One Piece Manga Volume 75," Out of Stock,  Expecting More ",$7.12,RightStufAnime
One Piece Manga Volume 76, In Stock ,$7.12,RightStufAnime
One Piece Manga Volume 76, In Stock ,$7.12,RightStufAnime
One Piece Manga Volume 77, In Stock ,$7.12,RightStufAnime
One Piece Manga Volume 77, In Stock ,$7.12,RightStufAnime
One Piece Manga Volume 78, In Stock ,$7.12,RightStufAnime
One Piece Manga Volume 78, In Stock ,$7.12,RightStufAnime
One Piece Manga Volume 79," Out of Stock,  Expecting More ",$7.12,RightStufAnime
One Piece Manga Volume 79," Out of Stock,  Expecting More ",$7.12,RightStufAnime
One Piece Manga Volume 80," Out of Stock,  Expecting More ",$7.12,RightStufAnime
One Piece Manga Volume 80," Out of Stock,  Expecting More ",$7.12,RightStufAnime
One Piece Manga Volume 81, In Stock ,$7.12,RightStufAnime
One Piece Manga Volume 81, In Stock ,$7.12,RightStufAnime
One Piece Manga Volume 82, In Stock ,$7.12,RightStufAnime
One Piece Manga Volume 82, In Stock ,$7.12,RightStufAnime
One Piece Manga Volume 83, In Stock ,$7.12,RightStufAnime
One Piece Manga Volume 83, In Stock ,$7.12,RightStufAnime
One Piece Manga Volume 84, In Stock ,$7.12,RightStufAnime
One Piece Manga Volume 84, In Stock ,$7.12,RightStufAnime
One Piece Manga Volume 85, In Stock ,$7.12,RightStufAnime
One Piece Manga Volume 85, In Stock ,$7.12,RightStufAnime
One Piece Manga Volume 86, In Stock ,$7.12,RightStufAnime
One Piece Manga Volume 86, In Stock ,$7.12,RightStufAnime
One Piece Manga Volume 87," Out of Stock,  Expecting More ",$7.12,RightStufAnime
One Piece Manga Volume 87," Out of Stock,  Expecting More ",$7.12,RightStufAnime
One Piece Manga Volume 88, In Stock ,$7.12,RightStufAnime
One Piece Manga Volume 88, In Stock ,$7.12,RightStufAnime
One Piece Manga Volume 89, In Stock ,$7.12,RightStufAnime
One Piece Manga Volume 89, In Stock ,$7.12,RightStufAnime
One Piece Manga Volume 90, In Stock ,$7.12,RightStufAnime
One Piece Manga Volume 90, In Stock ,$7.12,RightStufAnime
One Piece Manga Volume 91, In Stock ,$7.12,RightStufAnime
One Piece Manga Volume 91, In Stock ,$7.12,RightStufAnime
One Piece Manga Volume 92, In Stock ,$7.12,RightStufAnime
One Piece Manga Volume 92, In Stock ,$7.12,RightStufAnime
One Piece Manga Volume 93, In Stock ,$7.12,RightStufAnime
One Piece Manga Volume 93, In Stock ,$7.12,RightStufAnime
One Piece Manga Volume 94," Out of Stock,  Expecting More ",$7.12,RightStufAnime
One Piece Manga Volume 94," Out of Stock,  Expecting More ",$7.12,RightStufAnime
One Piece Manga Volume 95," Pre-Order, Not Yet Shipping Release Date: 12/1/2020 ",$7.12,RightStufAnime
One Piece Manga Volume 95," Pre-Order, Not Yet Shipping Release Date: 12/1/2020 ",$7.12,RightStufAnime
One Piece Omnibus Edition Manga Volume 1, In Stock ,$10.68,RightStufAnime
One Piece Omnibus Edition Manga Volume 2, In Stock ,$10.68,RightStufAnime
One Piece Omnibus Edition Manga Volume 3, In Stock ,$10.68,RightStufAnime
One Piece Omnibus Edition Manga Volume 4, In Stock ,$10.68,RightStufAnime
One Piece Omnibus Edition Manga Volume 5, In Stock ,$10.68,RightStufAnime
One Piece Omnibus Edition Manga Volume 6," Out of Stock,  Expecting More ",$10.68,RightStufAnime
One Piece Omnibus Edition Manga Volume 7," Out of Stock,  Expecting More ",$10.68,RightStufAnime
One Piece Omnibus Edition Manga Volume 8, In Stock ,$10.68,RightStufAnime
One Piece Omnibus Edition Manga Volume 9, In Stock ,$10.68,RightStufAnime
One Piece Omnibus Edition Manga Volume 10, In Stock ,$10.68,RightStufAnime
One Piece Omnibus Edition Manga Volume 11," Out of Stock,  Expecting More ",$10.68,RightStufAnime
One Piece Omnibus Edition Manga Volume 12, In Stock ,$10.68,RightStufAnime
One Piece Omnibus Edition Manga Volume 13, In Stock ,$10.68,RightStufAnime
One Piece Omnibus Edition Manga Volume 14, In Stock ,$10.68,RightStufAnime
One Piece Omnibus Edition Manga Volume 15, In Stock ,$10.68,RightStufAnime
One Piece Omnibus Edition Manga Volume 16, In Stock ,$10.68,RightStufAnime
One Piece Omnibus Edition Manga Volume 17," Out of Stock,  Expecting More ",$10.68,RightStufAnime
One Piece Omnibus Edition Manga Volume 18," Out of Stock,  Expecting More ",$10.68,RightStufAnime
One Piece Omnibus Edition Manga Volume 19, In Stock ,$10.68,RightStufAnime
One Piece Omnibus Edition Manga Volume 20, In Stock ,$10.68,RightStufAnime
One Piece Omnibus Edition Manga Volume 21, In Stock ,$10.68,RightStufAnime
One Piece Omnibus Edition Manga Volume 22, In Stock ,$10.68,RightStufAnime
One Piece Omnibus Edition Manga Volume 23," Out of Stock,  Expecting More ",$10.68,RightStufAnime
One Piece Omnibus Edition Manga Volume 24, In Stock ,$10.68,RightStufAnime
One Piece Omnibus Edition Manga Volume 25, In Stock ,$10.68,RightStufAnime
One Piece Omnibus Edition Manga Volume 26, In Stock ,$10.68,RightStufAnime
One Piece Omnibus Edition Manga Volume 27, In Stock ,$10.68,RightStufAnime
One Piece Omnibus Edition Manga Volume 28, In Stock ,$10.68,RightStufAnime
One Piece Omnibus Edition Manga Volume 29, In Stock ,$10.68,RightStufAnime
One Piece Omnibus Edition Manga Volume 30, In Stock ,$10.68,RightStufAnime
One Piece: East Blue & Baroque Works Volumes 1-23 Manga Box Set 1," Out of Stock,  Expecting More ",$132.52,RightStufAnime
